"FullName","Name","Length","LastWriteTime","CreationTime"
"C:\Program Files\Nagios\NCPA\etc","etc",,"1/21/2025 1:11:10 PM","1/21/2025 1:11:09 PM"
"C:\Program Files\Nagios\NCPA\lib","lib",,"1/21/2025 1:11:09 PM","1/21/2025 1:11:09 PM"
"C:\Program Files\Nagios\NCPA\listener","listener",,"1/21/2025 1:11:09 PM","1/21/2025 1:11:09 PM"
"C:\Program Files\Nagios\NCPA\plugins","plugins",,"1/21/2025 1:11:10 PM","1/21/2025 1:11:10 PM"
"C:\Program Files\Nagios\NCPA\var","var",,"1/21/2025 1:16:16 PM","1/21/2025 1:11:09 PM"
"C:\Program Files\Nagios\NCPA\concrt140.dll","concrt140.dll","327504","3/18/2024 8:22:58 AM","3/18/2024 8:22:58 AM"
"C:\Program Files\Nagios\NCPA\frozen_application_license.txt","frozen_application_license.txt","3318","3/18/2024 8:23:02 AM","3/18/2024 8:23:02 AM"
"C:\Program Files\Nagios\NCPA\git-0a6be84.githash","git-0a6be84.githash","40","3/20/2024 9:56:26 AM","3/20/2024 9:56:26 AM"
"C:\Program Files\Nagios\NCPA\msvcp140.dll","msvcp140.dll","579920","3/18/2024 8:22:58 AM","3/18/2024 8:22:58 AM"
"C:\Program Files\Nagios\NCPA\msvcp140_1.dll","msvcp140_1.dll","35664","3/18/2024 8:22:58 AM","3/18/2024 8:22:58 AM"
"C:\Program Files\Nagios\NCPA\msvcp140_2.dll","msvcp140_2.dll","197456","3/18/2024 8:22:58 AM","3/18/2024 8:22:58 AM"
"C:\Program Files\Nagios\NCPA\msvcp140_atomic_wait.dll","msvcp140_atomic_wait.dll","50000","3/18/2024 8:22:58 AM","3/18/2024 8:22:58 AM"
"C:\Program Files\Nagios\NCPA\msvcp140_codecvt_ids.dll","msvcp140_codecvt_ids.dll","31568","3/18/2024 8:22:58 AM","3/18/2024 8:22:58 AM"
"C:\Program Files\Nagios\NCPA\ncpa.exe","ncpa.exe","115200","3/20/2024 9:56:22 AM","3/20/2024 9:56:22 AM"
"C:\Program Files\Nagios\NCPA\ncpa.ini","ncpa.ini","73","1/21/2025 1:11:10 PM","1/21/2025 1:11:10 PM"
"C:\Program Files\Nagios\NCPA\python.exe","python.exe","103192","2/6/2024 7:41:30 PM","2/6/2024 7:41:30 PM"
"C:\Program Files\Nagios\NCPA\python3.dll","python3.dll","67352","2/6/2024 7:41:30 PM","2/6/2024 7:41:30 PM"
"C:\Program Files\Nagios\NCPA\python311.dll","python311.dll","5789464","2/6/2024 7:41:30 PM","2/6/2024 7:41:30 PM"
"C:\Program Files\Nagios\NCPA\uninstall.exe","uninstall.exe","151678","1/21/2025 1:11:11 PM","1/21/2025 1:11:11 PM"
"C:\Program Files\Nagios\NCPA\vcamp140.dll","vcamp140.dll","414544","3/18/2024 8:22:58 AM","3/18/2024 8:22:58 AM"
"C:\Program Files\Nagios\NCPA\vccorlib140.dll","vccorlib140.dll","345936","3/18/2024 8:22:58 AM","3/18/2024 8:22:58 AM"
"C:\Program Files\Nagios\NCPA\vcomp140.dll","vcomp140.dll","191824","3/18/2024 8:22:58 AM","3/18/2024 8:22:58 AM"
"C:\Program Files\Nagios\NCPA\vcruntime140.dll","vcruntime140.dll","119192","2/6/2024 7:41:34 PM","2/6/2024 7:41:34 PM"
"C:\Program Files\Nagios\NCPA\vcruntime140_1.dll","vcruntime140_1.dll","49528","2/6/2024 7:41:34 PM","2/6/2024 7:41:34 PM"
"C:\Program Files\Nagios\NCPA\etc\ncpa.cfg.d","ncpa.cfg.d",,"1/21/2025 1:11:10 PM","1/21/2025 1:11:09 PM"
"C:\Program Files\Nagios\NCPA\etc\ncpa.cfg","ncpa.cfg","10022","1/21/2025 1:11:09 PM","3/18/2024 8:08:28 AM"
"C:\Program Files\Nagios\NCPA\etc\ncpa.cfg.sample","ncpa.cfg.sample","10003","3/18/2024 8:08:28 AM","3/18/2024 8:08:28 AM"
"C:\Program Files\Nagios\NCPA\etc\ncpa.cfg.d\example.cfg","example.cfg","522","3/18/2024 8:08:28 AM","3/18/2024 8:08:28 AM"
"C:\Program Files\Nagios\NCPA\etc\ncpa.cfg.d\nrdp.cfg","nrdp.cfg","603","1/21/2025 1:11:09 PM","1/21/2025 1:11:09 PM"
"C:\Program Files\Nagios\NCPA\etc\ncpa.cfg.d\README.txt","README.txt","102","3/18/2024 8:08:28 AM","3/18/2024 8:08:28 AM"
"C:\Program Files\Nagios\NCPA\lib\charset_normalizer.md.cp311-win_amd64.pyd","charset_normalizer.md.cp311-win_amd64.pyd","10752","3/18/2024 8:23:00 AM","3/18/2024 8:23:00 AM"
"C:\Program Files\Nagios\NCPA\lib\charset_normalizer.md__mypyc.cp311-win_amd64.pyd","charset_normalizer.md__mypyc.cp311-win_amd64.pyd","119296","3/18/2024 8:23:00 AM","3/18/2024 8:23:00 AM"
"C:\Program Files\Nagios\NCPA\lib\cryptography.hazmat.bindings._rust.pyd","cryptography.hazmat.bindings._rust.pyd","7218176","3/18/2024 8:23:04 AM","3/18/2024 8:23:04 AM"
"C:\Program Files\Nagios\NCPA\lib\gevent.libev.corecext.cp311-win_amd64.pyd","gevent.libev.corecext.cp311-win_amd64.pyd","263680","3/18/2024 8:23:02 AM","3/18/2024 8:23:02 AM"
"C:\Program Files\Nagios\NCPA\lib\gevent.libuv._corecffi.pyd","gevent.libuv._corecffi.pyd","176640","3/18/2024 8:23:02 AM","3/18/2024 8:23:02 AM"
"C:\Program Files\Nagios\NCPA\lib\gevent._gevent_cevent.cp311-win_amd64.pyd","gevent._gevent_cevent.cp311-win_amd64.pyd","97280","3/18/2024 8:23:02 AM","3/18/2024 8:23:02 AM"
"C:\Program Files\Nagios\NCPA\lib\gevent._gevent_cgreenlet.cp311-win_amd64.pyd","gevent._gevent_cgreenlet.cp311-win_amd64.pyd","209920","3/18/2024 8:23:02 AM","3/18/2024 8:23:02 AM"
"C:\Program Files\Nagios\NCPA\lib\gevent._gevent_clocal.cp311-win_amd64.pyd","gevent._gevent_clocal.cp311-win_amd64.pyd","108544","3/18/2024 8:23:02 AM","3/18/2024 8:23:02 AM"
"C:\Program Files\Nagios\NCPA\lib\gevent._gevent_cqueue.cp311-win_amd64.pyd","gevent._gevent_cqueue.cp311-win_amd64.pyd","184832","3/18/2024 8:23:02 AM","3/18/2024 8:23:02 AM"
"C:\Program Files\Nagios\NCPA\lib\gevent._gevent_c_abstract_linkable.cp311-win_amd64.pyd","gevent._gevent_c_abstract_linkable.cp311-win_amd64.pyd","98304","3/18/2024 8:23:02 AM","3/18/2024 8:23:02 AM"
"C:\Program Files\Nagios\NCPA\lib\gevent._gevent_c_greenlet_primitives.cp311-win_amd64.pyd","gevent._gevent_c_greenlet_primitives.cp311-win_amd64.pyd","58880","3/18/2024 8:23:02 AM","3/18/2024 8:23:02 AM"
"C:\Program Files\Nagios\NCPA\lib\gevent._gevent_c_hub_local.cp311-win_amd64.pyd","gevent._gevent_c_hub_local.cp311-win_amd64.pyd","53248","3/18/2024 8:23:02 AM","3/18/2024 8:23:02 AM"
"C:\Program Files\Nagios\NCPA\lib\gevent._gevent_c_hub_primitives.cp311-win_amd64.pyd","gevent._gevent_c_hub_primitives.cp311-win_amd64.pyd","115712","3/18/2024 8:23:02 AM","3/18/2024 8:23:02 AM"
"C:\Program Files\Nagios\NCPA\lib\gevent._gevent_c_ident.cp311-win_amd64.pyd","gevent._gevent_c_ident.cp311-win_amd64.pyd","46080","3/18/2024 8:23:02 AM","3/18/2024 8:23:02 AM"
"C:\Program Files\Nagios\NCPA\lib\gevent._gevent_c_imap.cp311-win_amd64.pyd","gevent._gevent_c_imap.cp311-win_amd64.pyd","76288","3/18/2024 8:23:02 AM","3/18/2024 8:23:02 AM"
"C:\Program Files\Nagios\NCPA\lib\gevent._gevent_c_semaphore.cp311-win_amd64.pyd","gevent._gevent_c_semaphore.cp311-win_amd64.pyd","108032","3/18/2024 8:23:02 AM","3/18/2024 8:23:02 AM"
"C:\Program Files\Nagios\NCPA\lib\gevent._gevent_c_tracer.cp311-win_amd64.pyd","gevent._gevent_c_tracer.cp311-win_amd64.pyd","78336","3/18/2024 8:23:02 AM","3/18/2024 8:23:02 AM"
"C:\Program Files\Nagios\NCPA\lib\gevent._gevent_c_waiter.cp311-win_amd64.pyd","gevent._gevent_c_waiter.cp311-win_amd64.pyd","71168","3/18/2024 8:23:02 AM","3/18/2024 8:23:02 AM"
"C:\Program Files\Nagios\NCPA\lib\greenlet._greenlet.cp311-win_amd64.pyd","greenlet._greenlet.cp311-win_amd64.pyd","220160","3/18/2024 8:23:00 AM","3/18/2024 8:23:00 AM"
"C:\Program Files\Nagios\NCPA\lib\libcrypto-3.dll","libcrypto-3.dll","5191960","2/6/2024 7:41:36 PM","2/6/2024 7:41:36 PM"
"C:\Program Files\Nagios\NCPA\lib\libffi-8.dll","libffi-8.dll","39696","2/6/2024 7:41:34 PM","2/6/2024 7:41:34 PM"
"C:\Program Files\Nagios\NCPA\lib\library.zip","library.zip","10928669","3/20/2024 9:56:24 AM","3/20/2024 9:56:24 AM"
"C:\Program Files\Nagios\NCPA\lib\libssl-3.dll","libssl-3.dll","787224","2/6/2024 7:41:36 PM","2/6/2024 7:41:36 PM"
"C:\Program Files\Nagios\NCPA\lib\markupsafe._speedups.cp311-win_amd64.pyd","markupsafe._speedups.cp311-win_amd64.pyd","15872","3/18/2024 8:22:58 AM","3/18/2024 8:22:58 AM"
"C:\Program Files\Nagios\NCPA\lib\perfmon.pyd","perfmon.pyd","29696","3/18/2024 8:22:54 AM","3/18/2024 8:22:54 AM"
"C:\Program Files\Nagios\NCPA\lib\psutil._psutil_windows.pyd","psutil._psutil_windows.pyd","67072","3/18/2024 8:22:58 AM","3/18/2024 8:22:58 AM"
"C:\Program Files\Nagios\NCPA\lib\pyexpat.pyd","pyexpat.pyd","198424","2/6/2024 7:41:30 PM","2/6/2024 7:41:30 PM"
"C:\Program Files\Nagios\NCPA\lib\pythoncom311.dll","pythoncom311.dll","669696","3/18/2024 8:22:54 AM","3/18/2024 8:22:54 AM"
"C:\Program Files\Nagios\NCPA\lib\pywintypes311.dll","pywintypes311.dll","134656","3/18/2024 8:22:54 AM","3/18/2024 8:22:54 AM"
"C:\Program Files\Nagios\NCPA\lib\select.pyd","select.pyd","30488","2/6/2024 7:41:28 PM","2/6/2024 7:41:28 PM"
"C:\Program Files\Nagios\NCPA\lib\servicemanager.pyd","servicemanager.pyd","41984","3/18/2024 8:22:54 AM","3/18/2024 8:22:54 AM"
"C:\Program Files\Nagios\NCPA\lib\sqlite3.dll","sqlite3.dll","1500440","2/6/2024 7:41:30 PM","2/6/2024 7:41:30 PM"
"C:\Program Files\Nagios\NCPA\lib\unicodedata.pyd","unicodedata.pyd","1141016","2/6/2024 7:41:30 PM","2/6/2024 7:41:30 PM"
"C:\Program Files\Nagios\NCPA\lib\win32api.pyd","win32api.pyd","133632","3/18/2024 8:22:54 AM","3/18/2024 8:22:54 AM"
"C:\Program Files\Nagios\NCPA\lib\win32com.shell.shell.pyd","win32com.shell.shell.pyd","528384","3/18/2024 8:22:54 AM","3/18/2024 8:22:54 AM"
"C:\Program Files\Nagios\NCPA\lib\win32event.pyd","win32event.pyd","28672","3/18/2024 8:22:54 AM","3/18/2024 8:22:54 AM"
"C:\Program Files\Nagios\NCPA\lib\win32evtlog.pyd","win32evtlog.pyd","73216","3/18/2024 8:22:54 AM","3/18/2024 8:22:54 AM"
"C:\Program Files\Nagios\NCPA\lib\win32pdh.pyd","win32pdh.pyd","34816","3/18/2024 8:22:54 AM","3/18/2024 8:22:54 AM"
"C:\Program Files\Nagios\NCPA\lib\win32service.pyd","win32service.pyd","58880","3/18/2024 8:22:54 AM","3/18/2024 8:22:54 AM"
"C:\Program Files\Nagios\NCPA\lib\zope.interface._zope_interface_coptimizations.cp311-win_amd64.pyd","zope.interface._zope_interface_coptimizations.cp311-win_amd64.pyd","32256","3/18/2024 8:22:58 AM","3/18/2024 8:22:58 AM"
"C:\Program Files\Nagios\NCPA\lib\_asyncio.pyd","_asyncio.pyd","65304","2/6/2024 7:41:30 PM","2/6/2024 7:41:30 PM"
"C:\Program Files\Nagios\NCPA\lib\_bz2.pyd","_bz2.pyd","84760","2/6/2024 7:41:30 PM","2/6/2024 7:41:30 PM"
"C:\Program Files\Nagios\NCPA\lib\_cffi_backend.cp311-win_amd64.pyd","_cffi_backend.cp311-win_amd64.pyd","181248","3/18/2024 8:23:02 AM","3/18/2024 8:23:02 AM"
"C:\Program Files\Nagios\NCPA\lib\_ctypes.pyd","_ctypes.pyd","124696","2/6/2024 7:41:30 PM","2/6/2024 7:41:30 PM"
"C:\Program Files\Nagios\NCPA\lib\_decimal.pyd","_decimal.pyd","253720","2/6/2024 7:41:30 PM","2/6/2024 7:41:30 PM"
"C:\Program Files\Nagios\NCPA\lib\_elementtree.pyd","_elementtree.pyd","128280","2/6/2024 7:41:30 PM","2/6/2024 7:41:30 PM"
"C:\Program Files\Nagios\NCPA\lib\_hashlib.pyd","_hashlib.pyd","65304","2/6/2024 7:41:30 PM","2/6/2024 7:41:30 PM"
"C:\Program Files\Nagios\NCPA\lib\_lzma.pyd","_lzma.pyd","159512","2/6/2024 7:41:30 PM","2/6/2024 7:41:30 PM"
"C:\Program Files\Nagios\NCPA\lib\_multiprocessing.pyd","_multiprocessing.pyd","34584","2/6/2024 7:41:28 PM","2/6/2024 7:41:28 PM"
"C:\Program Files\Nagios\NCPA\lib\_overlapped.pyd","_overlapped.pyd","51480","2/6/2024 7:41:30 PM","2/6/2024 7:41:30 PM"
"C:\Program Files\Nagios\NCPA\lib\_queue.pyd","_queue.pyd","32536","2/6/2024 7:41:28 PM","2/6/2024 7:41:28 PM"
"C:\Program Files\Nagios\NCPA\lib\_socket.pyd","_socket.pyd","79640","2/6/2024 7:41:30 PM","2/6/2024 7:41:30 PM"
"C:\Program Files\Nagios\NCPA\lib\_sqlite3.pyd","_sqlite3.pyd","120088","2/6/2024 7:41:30 PM","2/6/2024 7:41:30 PM"
"C:\Program Files\Nagios\NCPA\lib\_ssl.pyd","_ssl.pyd","176920","2/6/2024 7:41:30 PM","2/6/2024 7:41:30 PM"
"C:\Program Files\Nagios\NCPA\lib\_testcapi.pyd","_testcapi.pyd","146712","2/6/2024 7:41:30 PM","2/6/2024 7:41:30 PM"
"C:\Program Files\Nagios\NCPA\lib\_testinternalcapi.pyd","_testinternalcapi.pyd","39704","2/6/2024 7:41:28 PM","2/6/2024 7:41:28 PM"
"C:\Program Files\Nagios\NCPA\lib\_uuid.pyd","_uuid.pyd","25368","2/6/2024 7:41:28 PM","2/6/2024 7:41:28 PM"
"C:\Program Files\Nagios\NCPA\lib\_win32sysloader.pyd","_win32sysloader.pyd","14848","3/18/2024 8:22:54 AM","3/18/2024 8:22:54 AM"
"C:\Program Files\Nagios\NCPA\listener\static","static",,"1/21/2025 1:11:09 PM","1/21/2025 1:11:09 PM"
"C:\Program Files\Nagios\NCPA\listener\templates","templates",,"1/21/2025 1:11:09 PM","1/21/2025 1:11:09 PM"
"C:\Program Files\Nagios\NCPA\listener\static\css","css",,"1/21/2025 1:11:09 PM","1/21/2025 1:11:09 PM"
"C:\Program Files\Nagios\NCPA\listener\static\fonts","fonts",,"1/21/2025 1:11:09 PM","1/21/2025 1:11:09 PM"
"C:\Program Files\Nagios\NCPA\listener\static\help","help",,"1/21/2025 1:11:09 PM","1/21/2025 1:11:09 PM"
"C:\Program Files\Nagios\NCPA\listener\static\img","img",,"1/21/2025 1:11:09 PM","1/21/2025 1:11:09 PM"
"C:\Program Files\Nagios\NCPA\listener\static\js","js",,"1/21/2025 1:11:09 PM","1/21/2025 1:11:09 PM"
"C:\Program Files\Nagios\NCPA\listener\static\css\bootstrap.min.css","bootstrap.min.css","121462","3/18/2024 8:08:28 AM","3/18/2024 8:08:28 AM"
"C:\Program Files\Nagios\NCPA\listener\static\css\ea.min.css","ea.min.css","9332","3/18/2024 8:08:28 AM","3/18/2024 8:08:28 AM"
"C:\Program Files\Nagios\NCPA\listener\static\css\font-awesome.min.css","font-awesome.min.css","31004","3/18/2024 8:08:28 AM","3/18/2024 8:08:28 AM"
"C:\Program Files\Nagios\NCPA\listener\static\css\ncpa-graph.css","ncpa-graph.css","511","3/18/2024 8:08:28 AM","3/18/2024 8:08:28 AM"
"C:\Program Files\Nagios\NCPA\listener\static\css\ncpa.css","ncpa.css","9329","3/18/2024 8:08:28 AM","3/18/2024 8:08:28 AM"
"C:\Program Files\Nagios\NCPA\listener\static\css\sumoselect.css","sumoselect.css","8746","3/18/2024 8:08:28 AM","3/18/2024 8:08:28 AM"
"C:\Program Files\Nagios\NCPA\listener\static\fonts\fontawesome-webfont.eot","fontawesome-webfont.eot","165742","3/18/2024 8:08:28 AM","3/18/2024 8:08:28 AM"
"C:\Program Files\Nagios\NCPA\listener\static\fonts\fontawesome-webfont.svg","fontawesome-webfont.svg","447050","3/18/2024 8:08:28 AM","3/18/2024 8:08:28 AM"
"C:\Program Files\Nagios\NCPA\listener\static\fonts\fontawesome-webfont.ttf","fontawesome-webfont.ttf","165548","3/18/2024 8:08:28 AM","3/18/2024 8:08:28 AM"
"C:\Program Files\Nagios\NCPA\listener\static\fonts\fontawesome-webfont.woff","fontawesome-webfont.woff","98024","3/18/2024 8:08:28 AM","3/18/2024 8:08:28 AM"
"C:\Program Files\Nagios\NCPA\listener\static\fonts\fontawesome-webfont.woff2","fontawesome-webfont.woff2","77160","3/18/2024 8:08:28 AM","3/18/2024 8:08:28 AM"
"C:\Program Files\Nagios\NCPA\listener\static\fonts\FontAwesome.otf","FontAwesome.otf","134808","3/18/2024 8:08:28 AM","3/18/2024 8:08:28 AM"
"C:\Program Files\Nagios\NCPA\listener\static\help\active.html","active.html","13241","3/18/2024 8:08:28 AM","3/18/2024 8:08:28 AM"
"C:\Program Files\Nagios\NCPA\listener\static\help\api.html","api.html","70454","3/18/2024 8:08:28 AM","3/18/2024 8:08:28 AM"
"C:\Program Files\Nagios\NCPA\listener\static\help\configuration.html","configuration.html","34386","3/18/2024 8:09:00 AM","3/18/2024 8:09:00 AM"
"C:\Program Files\Nagios\NCPA\listener\static\help\graphs.html","graphs.html","5172","3/18/2024 8:08:28 AM","3/18/2024 8:08:28 AM"
"C:\Program Files\Nagios\NCPA\listener\static\help\index.html","index.html","9215","3/18/2024 8:08:28 AM","3/18/2024 8:08:28 AM"
"C:\Program Files\Nagios\NCPA\listener\static\help\other.html","other.html","3929","3/18/2024 8:08:28 AM","3/18/2024 8:08:28 AM"
"C:\Program Files\Nagios\NCPA\listener\static\help\passive.html","passive.html","7466","3/18/2024 8:08:28 AM","3/18/2024 8:08:28 AM"
"C:\Program Files\Nagios\NCPA\listener\static\img\critical.png","critical.png","701","3/18/2024 8:08:28 AM","3/18/2024 8:08:28 AM"
"C:\Program Files\Nagios\NCPA\listener\static\img\footer_lodyas.png","footer_lodyas.png","33702","3/18/2024 8:08:28 AM","3/18/2024 8:08:28 AM"
"C:\Program Files\Nagios\NCPA\listener\static\img\glyphicons-halflings-white.png","glyphicons-halflings-white.png","8777","3/18/2024 8:08:28 AM","3/18/2024 8:08:28 AM"
"C:\Program Files\Nagios\NCPA\listener\static\img\glyphicons-halflings.png","glyphicons-halflings.png","12799","3/18/2024 8:08:28 AM","3/18/2024 8:08:28 AM"
"C:\Program Files\Nagios\NCPA\listener\static\img\ncpa.png","ncpa.png","18616","3/18/2024 8:08:28 AM","3/18/2024 8:08:28 AM"
"C:\Program Files\Nagios\NCPA\listener\static\img\shattered.png","shattered.png","137733","3/18/2024 8:08:28 AM","3/18/2024 8:08:28 AM"
"C:\Program Files\Nagios\NCPA\listener\static\img\warning.png","warning.png","666","3/18/2024 8:08:28 AM","3/18/2024 8:08:28 AM"
"C:\Program Files\Nagios\NCPA\listener\static\js\bootstrap.min.js","bootstrap.min.js","39685","3/18/2024 8:08:28 AM","3/18/2024 8:08:28 AM"
"C:\Program Files\Nagios\NCPA\listener\static\js\d3.v7.min.js","d3.v7.min.js","279451","3/18/2024 8:08:28 AM","3/18/2024 8:08:28 AM"
"C:\Program Files\Nagios\NCPA\listener\static\js\help.js","help.js","403","3/18/2024 8:08:28 AM","3/18/2024 8:08:28 AM"
"C:\Program Files\Nagios\NCPA\listener\static\js\jquery.3.6.4.min.js","jquery.3.6.4.min.js","89797","3/18/2024 8:08:28 AM","3/18/2024 8:08:28 AM"
"C:\Program Files\Nagios\NCPA\listener\static\js\jquery.ea.1.3.5.min.js","jquery.ea.1.3.5.min.js","15833","3/18/2024 8:08:28 AM","3/18/2024 8:08:28 AM"
"C:\Program Files\Nagios\NCPA\listener\static\js\jquery.ss.3.0.2.min.js","jquery.ss.3.0.2.min.js","11785","3/18/2024 8:08:28 AM","3/18/2024 8:08:28 AM"
"C:\Program Files\Nagios\NCPA\listener\static\js\main.js","main.js","251","3/18/2024 8:08:28 AM","3/18/2024 8:08:28 AM"
"C:\Program Files\Nagios\NCPA\listener\static\js\smoothie.js","smoothie.js","45865","3/18/2024 8:08:28 AM","3/18/2024 8:08:28 AM"
"C:\Program Files\Nagios\NCPA\listener\templates\admin","admin",,"1/21/2025 1:11:09 PM","1/21/2025 1:11:09 PM"
"C:\Program Files\Nagios\NCPA\listener\templates\errors","errors",,"1/21/2025 1:11:09 PM","1/21/2025 1:11:09 PM"
"C:\Program Files\Nagios\NCPA\listener\templates\gui","gui",,"1/21/2025 1:11:09 PM","1/21/2025 1:11:09 PM"
"C:\Program Files\Nagios\NCPA\listener\templates\base.html","base.html","4180","3/18/2024 8:08:28 AM","3/18/2024 8:08:28 AM"
"C:\Program Files\Nagios\NCPA\listener\templates\graph.html","graph.html","5963","3/18/2024 8:08:28 AM","3/18/2024 8:08:28 AM"
"C:\Program Files\Nagios\NCPA\listener\templates\login.html","login.html","1318","3/18/2024 8:08:28 AM","3/18/2024 8:08:28 AM"
"C:\Program Files\Nagios\NCPA\listener\templates\tail.html","tail.html","4462","3/18/2024 8:08:28 AM","3/18/2024 8:08:28 AM"
"C:\Program Files\Nagios\NCPA\listener\templates\top.html","top.html","9276","3/18/2024 8:08:28 AM","3/18/2024 8:08:28 AM"
"C:\Program Files\Nagios\NCPA\listener\templates\admin\api.html","api.html","1593","3/18/2024 8:08:28 AM","3/18/2024 8:08:28 AM"
"C:\Program Files\Nagios\NCPA\listener\templates\admin\checks.html","checks.html","1586","3/18/2024 8:08:28 AM","3/18/2024 8:08:28 AM"
"C:\Program Files\Nagios\NCPA\listener\templates\admin\global.html","global.html","9798","3/18/2024 8:08:28 AM","3/18/2024 8:08:28 AM"
"C:\Program Files\Nagios\NCPA\listener\templates\admin\index.html","index.html","2888","3/18/2024 8:08:28 AM","3/18/2024 8:08:28 AM"
"C:\Program Files\Nagios\NCPA\listener\templates\admin\kafkaproducer.html","kafkaproducer.html","3269","3/18/2024 8:08:28 AM","3/18/2024 8:08:28 AM"
"C:\Program Files\Nagios\NCPA\listener\templates\admin\listener.html","listener.html","8102","3/18/2024 8:08:28 AM","3/18/2024 8:08:28 AM"
"C:\Program Files\Nagios\NCPA\listener\templates\admin\login.html","login.html","1184","3/18/2024 8:08:28 AM","3/18/2024 8:08:28 AM"
"C:\Program Files\Nagios\NCPA\listener\templates\admin\nrdp.html","nrdp.html","3298","3/18/2024 8:08:28 AM","3/18/2024 8:08:28 AM"
"C:\Program Files\Nagios\NCPA\listener\templates\admin\nrds.html","nrds.html","4850","3/18/2024 8:08:28 AM","3/18/2024 8:08:28 AM"
"C:\Program Files\Nagios\NCPA\listener\templates\admin\passive.html","passive.html","3287","3/18/2024 8:08:28 AM","3/18/2024 8:08:28 AM"
"C:\Program Files\Nagios\NCPA\listener\templates\admin\plugins.html","plugins.html","4513","3/18/2024 8:08:28 AM","3/18/2024 8:08:28 AM"
"C:\Program Files\Nagios\NCPA\listener\templates\errors\404.html","404.html","324","3/18/2024 8:08:28 AM","3/18/2024 8:08:28 AM"
"C:\Program Files\Nagios\NCPA\listener\templates\errors\500.html","500.html","357","3/18/2024 8:08:28 AM","3/18/2024 8:08:28 AM"
"C:\Program Files\Nagios\NCPA\listener\templates\gui\api.html","api.html","53560","3/18/2024 8:08:28 AM","3/18/2024 8:08:28 AM"
"C:\Program Files\Nagios\NCPA\listener\templates\gui\checks.html","checks.html","9672","3/18/2024 8:08:28 AM","3/18/2024 8:08:28 AM"
"C:\Program Files\Nagios\NCPA\listener\templates\gui\dashboard.html","dashboard.html","3638","3/18/2024 8:08:28 AM","3/18/2024 8:08:28 AM"
"C:\Program Files\Nagios\NCPA\listener\templates\gui\graphs.html","graphs.html","7742","3/18/2024 8:08:28 AM","3/18/2024 8:08:28 AM"
"C:\Program Files\Nagios\NCPA\listener\templates\gui\help.html","help.html","7762","3/18/2024 8:08:28 AM","3/18/2024 8:08:28 AM"
"C:\Program Files\Nagios\NCPA\listener\templates\gui\plugins.html","plugins.html","116","3/18/2024 8:08:28 AM","3/18/2024 8:08:28 AM"
"C:\Program Files\Nagios\NCPA\listener\templates\gui\stats.html","stats.html","3505","3/18/2024 8:08:28 AM","3/18/2024 8:08:28 AM"
"C:\Program Files\Nagios\NCPA\listener\templates\gui\tail.html","tail.html","267","3/18/2024 8:08:28 AM","3/18/2024 8:08:28 AM"
"C:\Program Files\Nagios\NCPA\listener\templates\gui\top.html","top.html","264","3/18/2024 8:08:28 AM","3/18/2024 8:08:28 AM"
"C:\Program Files\Nagios\NCPA\var\log","log",,"1/21/2025 1:11:09 PM","1/21/2025 1:11:09 PM"
"C:\Program Files\Nagios\NCPA\var\ncpa.crt","ncpa.crt","1281","1/21/2025 1:11:15 PM","1/21/2025 1:11:15 PM"
"C:\Program Files\Nagios\NCPA\var\ncpa.db","ncpa.db","53248","1/21/2025 1:16:16 PM","1/21/2025 1:11:14 PM"
"C:\Program Files\Nagios\NCPA\var\ncpa.key","ncpa.key","1704","1/21/2025 1:11:15 PM","1/21/2025 1:11:15 PM"
"C:\Program Files\Nagios\NCPA\var\log\ncpa_listener.log","ncpa_listener.log","18145","1/21/2025 1:16:55 PM","3/18/2024 8:08:28 AM"
"C:\Program Files\Nagios\NCPA\var\log\ncpa_passive.log","ncpa_passive.log","1056593","1/21/2025 1:17:05 PM","3/18/2024 8:08:28 AM"
